mut_code,VOC
A67V,Omicron
H69-,Omicron
V70-,Omicron
T95I,Omicron
G142-,Omicron
V143-,Omicron
Y144-,Omicron
Y145D,Omicron
N211-,Omicron
L212I,Omicron
G339D,Omicron
S371L,Omicron
S373P,Omicron
S375F,Omicron
K417N,Omicron
N440K,Omicron
G446S,Omicron
S477N,Omicron
T478K,Omicron
E484A,Omicron
Q493R,Omicron
G496S,Omicron
Q498R,Omicron
N501Y,Omicron
Y505H,Omicron
T547K,Omicron
D614G,Omicron
H655Y,Omicron
N679K,Omicron
P681H,Omicron
N764K,Omicron
D796Y,Omicron
N856K,Omicron
Q954H,Omicron
N969K,Omicron
L981F,Omicron
214EPE,Omicron