SP_P01903_DRA_HUMAN,netOGlyc-4.0.0.13,CARBOHYD,4,4,0.250232,.,.,
SP_P01903_DRA_HUMAN,netOGlyc-4.0.0.13,CARBOHYD,19,19,0.00692615,.,.,
SP_P01903_DRA_HUMAN,netOGlyc-4.0.0.13,CARBOHYD,23,23,0.0067702,.,.,
SP_P01903_DRA_HUMAN,netOGlyc-4.0.0.13,CARBOHYD,44,44,1.67E-05,.,.,
SP_P01903_DRA_HUMAN,netOGlyc-4.0.0.13,CARBOHYD,66,66,0.0910408,.,.,
SP_P01903_DRA_HUMAN,netOGlyc-4.0.0.13,CARBOHYD,78,78,0.205365,.,.,
SP_P01903_DRA_HUMAN,netOGlyc-4.0.0.13,CARBOHYD,99,99,0.517141,.,.,#POSITIVE
SP_P01903_DRA_HUMAN,netOGlyc-4.0.0.13,CARBOHYD,102,102,0.590243,.,.,#POSITIVE
SP_P01903_DRA_HUMAN,netOGlyc-4.0.0.13,CARBOHYD,105,105,0.544416,.,.,#POSITIVE
SP_P01903_DRA_HUMAN,netOGlyc-4.0.0.13,CARBOHYD,108,108,0.619842,.,.,#POSITIVE
SP_P01903_DRA_HUMAN,netOGlyc-4.0.0.13,CARBOHYD,115,115,0.312888,.,.,
SP_P01903_DRA_HUMAN,netOGlyc-4.0.0.13,CARBOHYD,118,118,0.308904,.,.,
SP_P01903_DRA_HUMAN,netOGlyc-4.0.0.13,CARBOHYD,120,120,0.0948782,.,.,
SP_P01903_DRA_HUMAN,netOGlyc-4.0.0.13,CARBOHYD,138,138,0.056783,.,.,
SP_P01903_DRA_HUMAN,netOGlyc-4.0.0.13,CARBOHYD,145,145,0.13866,.,.,
SP_P01903_DRA_HUMAN,netOGlyc-4.0.0.13,CARBOHYD,154,154,0.457223,.,.,
SP_P01903_DRA_HUMAN,netOGlyc-4.0.0.13,CARBOHYD,155,155,0.459273,.,.,
SP_P01903_DRA_HUMAN,netOGlyc-4.0.0.13,CARBOHYD,158,158,0.390557,.,.,
SP_P01903_DRA_HUMAN,netOGlyc-4.0.0.13,CARBOHYD,160,160,0.0645168,.,.,
SP_P01903_DRA_HUMAN,netOGlyc-4.0.0.13,CARBOHYD,181,181,0.0555836,.,.,
SP_P01903_DRA_HUMAN,netOGlyc-4.0.0.13,CARBOHYD,182,182,0.0274561,.,.,
SP_P01903_DRA_HUMAN,netOGlyc-4.0.0.13,CARBOHYD,209,209,0.345512,.,.,
SP_P01903_DRA_HUMAN,netOGlyc-4.0.0.13,CARBOHYD,214,214,0.0650579,.,.,
SP_P01903_DRA_HUMAN,netOGlyc-4.0.0.13,CARBOHYD,215,215,0.169275,.,.,
SP_P01903_DRA_HUMAN,netOGlyc-4.0.0.13,CARBOHYD,225,225,0.0183696,.,.,
SP_P01903_DRA_HUMAN,netOGlyc-4.0.0.13,CARBOHYD,235,235,0.0418834,.,.,
SP_P01903_DRA_HUMAN,netOGlyc-4.0.0.13,CARBOHYD,245,245,0.0711016,.,,