Rank	Sequence	Start position	Score
1	HVDMAKKETV	58	0.88	
2	PNVLICFIDK	127	0.78	
3	FGRFASFEAQ	73	0.76	
4	RNGKPVTTGV	148	0.75	
5	ESWAIKEEHV	22	0.74	
6	ETVWRLEEFG	65	0.73	
6	YLNPDQSGEF	38	0.73	
7	KANLEIMTKR	92	0.68	
7	ASFEAQGALA	77	0.68	
8	VTTGVSETVF	153	0.67	
9	VTWLRNGKPV	144	0.64	
10	EIMTKRSNYT	96	0.62	
10	AISGVPVLGF	2	0.62	
10	TVLTNSPVEL	115	0.62	
10	NVPPEVTVLT	109	0.62	
10	YTPITNVPPE	104	0.62	
11	IKEEHVIIQA	26	0.61	
11	FFIIAVLMSA	11	0.61	
12	FIDKFTPPVV	133	0.60	
13	ELREPNVLIC	123	0.59	
14	NIAVDKANLE	87	0.55	
15	GALANIAVDK	83	0.52	
1	IAVDKANLEIMT	88	0.82	
2	GKPVTTGVSETV	150	0.81	
3	TKRSNYTPITNV	99	0.78	
3	SGVPVLGFFIIA	4	0.78	
4	PDQSGEFMFDFD	41	0.77	
4	IKEEHVIIQAEF	26	0.77	
5	LEEFGRFASFEA	70	0.75	
5	EPNVLICFIDKF	126	0.75	
6	IAVLMSAQESWA	14	0.73	
7	VNVTWLRNGKPV	142	0.72	
7	TPPVVNVTWLRN	138	0.72	
8	FMFDFDGDEIFH	47	0.71	
8	FIDKFTPPVVNV	133	0.71	
9	IQAEFYLNPDQS	33	0.70	
9	AQESWAIKEEHV	20	0.70	
9	GVSETVFLPRED	156	0.70	
10	ALANIAVDKANL	84	0.68	
11	SFEAQGALANIA	78	0.67	
11	EDVYDCRVEHWG	183	0.67	
12	FDGDEIFHVDMA	51	0.66	
12	YTPITNVPPEVT	104	0.66	
13	ANLEIMTKRSNY	93	0.65	
13	VFLPREDHLFRK	161	0.65	
14	FLPSTEDVYDCR	178	0.64	
15	PPEVTVLTNSPV	111	0.63	
16	GFFIIAVLMSAQ	10	0.62	
17	RKFHYLPFLPST	171	0.59	
17	WLRNGKPVTTGV	146	0.59	
1	IFHVDMAKKETVWR	56	0.86	
1	FLPREDHLFRKFHY	162	0.86	
2	PLPETTENVVCALG	210	0.84	
3	KANLEIMTKRSNYT	92	0.81	
4	EFYLNPDQSGEFMF	36	0.80	
5	DKFTPPVVNVTWLR	135	0.79	
5	IIAVLMSAQESWAI	13	0.79	
6	FLPSTEDVYDCRVE	178	0.78	
7	LANIAVDKANLEIM	85	0.77	
7	PLLKHWEFDAPSPL	198	0.77	
7	VPPEVTVLTNSPVE	110	0.77	
8	FDFDGDEIFHVDMA	49	0.75	
8	VLTNSPVELREPNV	116	0.75	
9	SFEAQGALANIAVD	78	0.74	
9	SGEFMFDFDGDEIF	44	0.74	
10	VVNVTWLRNGKPVT	141	0.73	
11	PNVLICFIDKFTPP	127	0.72	
11	MAISGVPVLGFFII	1	0.72	
12	WEFDAPSPLPETTE	203	0.70	
13	DCRVEHWGLDEPLL	187	0.68	
14	WAIKEEHVIIQAEF	24	0.67	
15	SAQESWAIKEEHVI	19	0.65	
16	VTTGVSETVFLPRE	153	0.62	
17	IMTKRSNYTPITNV	97	0.60	
18	VWRLEEFGRFASFE	67	0.59	
1	TEDVYDCRVEHWGLDE	182	0.94	
2	PVVNVTWLRNGKPVTT	140	0.90	
3	IMTKRSNYTPITNVPP	97	0.88	
4	YTPITNVPPEVTVLTN	104	0.87	
5	HYLPFLPSTEDVYDCR	174	0.85	
5	ICFIDKFTPPVVNVTW	131	0.85	
6	KETVWRLEEFGRFASF	64	0.83	
6	DGDEIFHVDMAKKETV	52	0.83	
7	DEPLLKHWEFDAPSPL	196	0.81	
8	DKANLEIMTKRSNYTP	91	0.80	
9	SFEAQGALANIAVDKA	78	0.79	
9	RVEHWGLDEPLLKHWE	189	0.79	
10	EEHVIIQAEFYLNPDQ	28	0.77	
11	AQESWAIKEEHVIIQA	20	0.76	
11	TNSPVELREPNVLICF	118	0.76	
12	GKPVTTGVSETVFLPR	150	0.72	
13	SGEFMFDFDGDEIFHV	44	0.70	
14	VGIIIGTIFIIKGLRK	229	0.68	
15	HWEFDAPSPLPETTEN	202	0.67	
16	PLPETTENVVCALGLT	210	0.66	
17	AEFYLNPDQSGEFMFD	35	0.64	
17	FLPREDHLFRKFHYLP	162	0.64	
18	HLFRKFHYLPFLPSTE	168	0.60	
19	TIFIIKGLRKSNAAER	235	0.59	
19	MAISGVPVLGFFIIAV	1	0.59	
20	ALGLTVGLVGIIIGTI	221	0.57	
1	WAIKEEHVIIQAEFYLNP	24	0.87	
1	LLKHWEFDAPSPLPETTE	199	0.87	
2	KPVTTGVSETVFLPREDH	151	0.85	
3	PVVNVTWLRNGKPVTTGV	140	0.84	
4	FIIKGLRKSNAAERRGPL	237	0.83	
5	HVDMAKKETVWRLEEFGR	58	0.81	
6	PDQSGEFMFDFDGDEIFH	41	0.80	
6	KFHYLPFLPSTEDVYDCR	172	0.80	
7	APSPLPETTENVVCALGL	207	0.79	
8	KETVWRLEEFGRFASFEA	64	0.78	
9	ALANIAVDKANLEIMTKR	84	0.77	
10	IIIGTIFIIKGLRKSNAA	231	0.76	
11	FMFDFDGDEIFHVDMAKK	47	0.74	
12	FASFEAQGALANIAVDKA	76	0.73	
13	LREPNVLICFIDKFTPPV	124	0.72	
14	GLTVGLVGIIIGTIFIIK	223	0.71	
15	LEIMTKRSNYTPITNVPP	95	0.70	
15	AEFYLNPDQSGEFMFDFD	35	0.70	
15	CFIDKFTPPVVNVTWLRN	132	0.70	
16	ETVFLPREDHLFRKFHYL	159	0.67	
16	YTPITNVPPEVTVLTNSP	104	0.67	
17	YDCRVEHWGLDEPLLKHW	186	0.63	
18	PEVTVLTNSPVELREPNV	112	0.62	
19	TENVVCALGLTVGLVGII	215	0.58	
19	FLPSTEDVYDCRVEHWGL	178	0.58	
20	VPVLGFFIIAVLMSAQES	6	0.54	
1	LLKHWEFDAPSPLPETTENV	199	0.89	
2	FDFDGDEIFHVDMAKKETVW	49	0.87	
3	EAQGALANIAVDKANLEIMT	80	0.85	
3	FYLNPDQSGEFMFDFDGDEI	37	0.85	
3	VFLPREDHLFRKFHYLPFLP	161	0.85	
4	AQESWAIKEEHVIIQAEFYL	20	0.84	
5	VDMAKKETVWRLEEFGRFAS	59	0.83	
6	RVEHWGLDEPLLKHWEFDAP	189	0.82	
7	PVELREPNVLICFIDKFTPP	121	0.81	
8	GTIFIIKGLRKSNAAERRGP	234	0.80	
8	LFRKFHYLPFLPSTEDVYDC	169	0.80	
8	GFFIIAVLMSAQESWAIKEE	10	0.80	
9	VVCALGLTVGLVGIIIGTIF	218	0.79	
10	APSPLPETTENVVCALGLTV	207	0.76	
10	VLICFIDKFTPPVVNVTWLR	129	0.76	
11	TTGVSETVFLPREDHLFRKF	154	0.74	
12	EHVIIQAEFYLNPDQSGEFM	29	0.70	
13	PFLPSTEDVYDCRVEHWGLD	177	0.69	
13	FTPPVVNVTWLRNGKPVTTG	137	0.69	
14	DKANLEIMTKRSNYTPITNV	91	0.67	
15	YTPITNVPPEVTVLTNSPVE	104	0.65	
16	PPEVTVLTNSPVELREPNVL	111	0.58	
17	EFGRFASFEAQGALANIAVD	72	0.52	
